{
    "key": "group_603cb0a5e37ba",
    "title": "Téléchargement",
    "fields": [
        {
            "key": "field_603e42637e235",
            "label": "fichier a télécharger",
            "name": "fichier_a_telecharger",
            "type": "repeater",
            "instructions": "",
            "required": 0,
            "conditional_logic": 0,
            "wrapper": {
                "width": "",
                "class": "",
                "id": ""
            },
            "acfe_repeater_stylised_button": 0,
            "collapsed": "",
            "min": 0,
            "max": 3,
            "layout": "table",
            "button_label": "",
            "sub_fields": [
                {
                    "key": "field_603e42c57e236",
                    "label": "Text button",
                    "name": "text_button",
                    "type": "select",
                    "instructions": "",
                    "required": 0,
                    "conditional_logic": 0,
                    "wrapper": {
                        "width": "",
                        "class": "",
                        "id": ""
                    },
                    "choices": {
                        "Manuel d’utilisation": "Manuel d’utilisation",
                        "Service manuel": "Service manuel",
                        "Fiche de spécification": "Fiche de spécification"
                    },
                    "default_value": false,
                    "allow_null": 0,
                    "multiple": 0,
                    "ui": 0,
                    "return_format": "value",
                    "ajax": 0,
                    "placeholder": ""
                },
                {
                    "key": "field_603e43397e237",
                    "label": "pdf",
                    "name": "pdf",
                    "type": "file",
                    "instructions": "",
                    "required": 0,
                    "conditional_logic": 0,
                    "wrapper": {
                        "width": "",
                        "class": "",
                        "id": ""
                    },
                    "uploader": "wp",
                    "return_format": "url",
                    "library": "all",
                    "min_size": "",
                    "max_size": "",
                    "mime_types": ""
                }
            ]
        }
    ],
    "location": [
        [
            {
                "param": "post_taxonomy",
                "operator": "==",
                "value": "language:fr"
            }
        ],
        [
            {
                "param": "post_taxonomy",
                "operator": "==",
                "value": "product_cat:lave-vaisselle-2"
            }
        ]
    ],
    "menu_order": 0,
    "position": "normal",
    "style": "default",
    "label_placement": "left",
    "instruction_placement": "label",
    "hide_on_screen": "",
    "active": true,
    "description": "",
    "acfe_display_title": "",
    "acfe_autosync": [
        "php",
        "json"
    ],
    "acfe_form": 0,
    "acfe_meta": "",
    "acfe_note": "",
    "modified": 1614761361
}