{
    "key": "group_header_style",
    "title": "Design settings",
    "fields": [
        {
            "key": "field_5f915985b4a44",
            "label": "Logo",
            "name": "logo",
            "type": "image",
            "instructions": "",
            "required": 0,
            "conditional_logic": 0,
            "wrapper": {
                "width": "",
                "class": "",
                "id": ""
            },
            "acfe_permissions": "",
            "acfe_uploader": "wp",
            "acfe_thumbnail": 0,
            "return_format": "array",
            "preview_size": "medium",
            "library": "all",
            "min_width": "",
            "min_height": "",
            "min_size": "",
            "max_width": "",
            "max_height": "",
            "max_size": "",
            "mime_types": ""
        },
        {
            "key": "field_5f2168024f6a2",
            "label": "Menu type",
            "name": "menu_type",
            "type": "select",
            "instructions": "",
            "required": 0,
            "conditional_logic": 0,
            "wrapper": {
                "width": "",
                "class": "",
                "id": ""
            },
            "acfe_permissions": "",
            "choices": {
                "app": "App Like",
                "full": "Fullscreen",
                "web2": "Web 2.0",
                "left-fixed": "Left Fixed Sidebar"
            },
            "default_value": false,
            "allow_null": 0,
            "multiple": 0,
            "ui": 0,
            "return_format": "value",
            "ajax": 0,
            "placeholder": ""
        },
        {
            "key": "field_5f49100a97056",
            "label": "Colors",
            "name": "colors",
            "type": "group",
            "instructions": "",
            "required": 0,
            "conditional_logic": 0,
            "wrapper": {
                "width": "",
                "class": "",
                "id": ""
            },
            "acfe_permissions": "",
            "layout": "block",
            "acfe_seamless_style": 0,
            "acfe_group_modal": 0,
            "sub_fields": [
                {
                    "key": "field_5f49112997057",
                    "label": "Main",
                    "name": "main",
                    "type": "color_picker",
                    "instructions": "",
                    "required": 0,
                    "conditional_logic": 0,
                    "wrapper": {
                        "width": "",
                        "class": "",
                        "id": ""
                    },
                    "acfe_permissions": "",
                    "default_value": ""
                },
                {
                    "key": "field_5f49114797058",
                    "label": "Secondary",
                    "name": "secondary",
                    "type": "color_picker",
                    "instructions": "",
                    "required": 0,
                    "conditional_logic": 0,
                    "wrapper": {
                        "width": "",
                        "class": "",
                        "id": ""
                    },
                    "acfe_permissions": "",
                    "default_value": ""
                },
                {
                    "key": "field_5f49115897059",
                    "label": "Tertiary",
                    "name": "tertiary",
                    "type": "color_picker",
                    "instructions": "",
                    "required": 0,
                    "conditional_logic": 0,
                    "wrapper": {
                        "width": "",
                        "class": "",
                        "id": ""
                    },
                    "acfe_permissions": "",
                    "default_value": ""
                },
                {
                    "key": "field_5f4911919705a",
                    "label": "Quaternary",
                    "name": "quaternary",
                    "type": "color_picker",
                    "instructions": "",
                    "required": 0,
                    "conditional_logic": 0,
                    "wrapper": {
                        "width": "",
                        "class": "",
                        "id": ""
                    },
                    "acfe_permissions": "",
                    "default_value": ""
                },
                {
                    "key": "field_5f4912779705b",
                    "label": "Quinary",
                    "name": "quinary",
                    "type": "color_picker",
                    "instructions": "",
                    "required": 0,
                    "conditional_logic": 0,
                    "wrapper": {
                        "width": "",
                        "class": "",
                        "id": ""
                    },
                    "acfe_permissions": "",
                    "default_value": ""
                }
            ]
        },
        {
            "key": "field_5f4a511545e22",
            "label": "Fonts",
            "name": "fonts",
            "type": "group",
            "instructions": "",
            "required": 0,
            "conditional_logic": 0,
            "wrapper": {
                "width": "",
                "class": "",
                "id": ""
            },
            "acfe_permissions": "",
            "layout": "block",
            "acfe_seamless_style": 0,
            "acfe_group_modal": 0,
            "sub_fields": [
                {
                    "key": "field_5f4a518e77e80",
                    "label": "Size",
                    "name": "size",
                    "type": "range",
                    "instructions": "",
                    "required": 0,
                    "conditional_logic": 0,
                    "wrapper": {
                        "width": "",
                        "class": "",
                        "id": ""
                    },
                    "acfe_permissions": "",
                    "default_value": 100,
                    "min": 50,
                    "max": 200,
                    "step": 10,
                    "prepend": "",
                    "append": "%"
                },
                {
                    "key": "field_5f4a512945e23",
                    "label": "Main",
                    "name": "main",
                    "type": "google_font_selector",
                    "instructions": "",
                    "required": 0,
                    "conditional_logic": 0,
                    "wrapper": {
                        "width": "",
                        "class": "",
                        "id": ""
                    },
                    "acfe_permissions": "",
                    "include_web_safe_fonts": 1,
                    "enqueue_font": 1,
                    "default_font": "Droid Sans"
                },
                {
                    "key": "field_5f4a513a45e24",
                    "label": "Secondary",
                    "name": "secondary",
                    "type": "google_font_selector",
                    "instructions": "",
                    "required": 0,
                    "conditional_logic": 0,
                    "wrapper": {
                        "width": "",
                        "class": "",
                        "id": ""
                    },
                    "acfe_permissions": "",
                    "include_web_safe_fonts": 1,
                    "enqueue_font": 1,
                    "default_font": "Droid Sans"
                }
            ]
        }
    ],
    "location": [
        [
            {
                "param": "options_page",
                "operator": "==",
                "value": "greaty-theme-general-settings"
            }
        ],
        [
            {
                "param": "post_type",
                "operator": "==",
                "value": "page"
            }
        ]
    ],
    "menu_order": 0,
    "position": "normal",
    "style": "default",
    "label_placement": "left",
    "instruction_placement": "label",
    "hide_on_screen": "",
    "active": 1,
    "description": "",
    "acfe_display_title": "",
    "acfe_autosync": [
        "php",
        "json"
    ],
    "acfe_permissions": "",
    "acfe_form": 0,
    "acfe_meta": "",
    "acfe_note": "",
    "modified": 1603361186
}