{
    "key": "group_600a80295c1bc",
    "title": "Last Products Slider",
    "fields": [
        {
            "key": "field_600a807bacf1c",
            "label": "Select one or more Categories to display in the slider section",
            "name": "last_product_slider_categories",
            "type": "repeater",
            "instructions": "",
            "required": 0,
            "conditional_logic": 0,
            "wrapper": {
                "width": "",
                "class": "",
                "id": ""
            },
            "acfe_repeater_stylised_button": 0,
            "collapsed": "",
            "min": 0,
            "max": 0,
            "layout": "table",
            "button_label": "Add a category",
            "sub_fields": [
                {
                    "key": "field_602119116d8be",
                    "label": "Category",
                    "name": "category",
                    "type": "acfe_taxonomy_terms",
                    "instructions": "",
                    "required": 0,
                    "conditional_logic": 0,
                    "wrapper": {
                        "width": "",
                        "class": "",
                        "id": ""
                    },
                    "taxonomy": [
                        "product_cat"
                    ],
                    "allow_terms": "",
                    "allow_level": "",
                    "field_type": "select",
                    "default_value": "",
                    "return_format": "id",
                    "ui": 0,
                    "allow_null": 0,
                    "multiple": 0,
                    "save_terms": 0,
                    "load_terms": 0,
                    "choices": [],
                    "ajax": 0,
                    "placeholder": "",
                    "layout": "",
                    "toggle": 0,
                    "allow_custom": 0,
                    "other_choice": 0
                }
            ]
        },
        {
            "key": "field_600a80e34b228",
            "label": "Max product per category",
            "name": "last_product_slider_max_product_per_category",
            "type": "number",
            "instructions": "",
            "required": 0,
            "conditional_logic": 0,
            "wrapper": {
                "width": "",
                "class": "",
                "id": ""
            },
            "default_value": 5,
            "placeholder": "",
            "prepend": "",
            "append": "",
            "min": "",
            "max": "",
            "step": ""
        }
    ],
    "location": [
        [
            {
                "param": "options_page",
                "operator": "==",
                "value": "shop-settings"
            }
        ]
    ],
    "menu_order": 0,
    "position": "normal",
    "style": "default",
    "label_placement": "left",
    "instruction_placement": "label",
    "hide_on_screen": "",
    "active": true,
    "description": "",
    "acfe_display_title": "",
    "acfe_autosync": [
        "php",
        "json"
    ],
    "acfe_form": 0,
    "acfe_meta": "",
    "acfe_note": "",
    "modified": 1612781939
}