{
    "key": "group_5f3861a7432ee",
    "title": "Show options",
    "fields": [
        {
            "key": "field_5f3fc99fd0bc0",
            "label": "Radio (page)",
            "name": "radio_page",
            "type": "relationship",
            "instructions": "",
            "required": 1,
            "conditional_logic": 0,
            "wrapper": {
                "width": "",
                "class": "",
                "id": ""
            },
            "acfe_permissions": "",
            "post_type": [
                "page"
            ],
            "taxonomy": "",
            "filters": [
                "search"
            ],
            "elements": "",
            "min": 1,
            "max": 1,
            "return_format": "object",
            "acfe_bidirectional": {
                "acfe_bidirectional_enabled": "0"
            }
        },
        {
            "key": "field_5f390281f90a3",
            "label": "Days",
            "name": "days",
            "type": "checkbox",
            "instructions": "",
            "required": 0,
            "conditional_logic": 0,
            "wrapper": {
                "width": "",
                "class": "",
                "id": ""
            },
            "acfe_permissions": "",
            "choices": {
                "monday": "Monday",
                "tuesday": "Tuesday",
                "wednesday": "Wednesday",
                "thursday": "Thursday",
                "friday": "Friday",
                "saturday": "Saturday",
                "sunday": "Sunday"
            },
            "allow_custom": 0,
            "default_value": false,
            "layout": "vertical",
            "toggle": 1,
            "return_format": "value",
            "save_custom": 0
        },
        {
            "key": "field_5f390319f90a4",
            "label": "Start",
            "name": "start",
            "type": "time_picker",
            "instructions": "",
            "required": 0,
            "conditional_logic": 0,
            "wrapper": {
                "width": "",
                "class": "",
                "id": ""
            },
            "acfe_permissions": "",
            "display_format": "H:i:s",
            "return_format": "H:i:s"
        },
        {
            "key": "field_5f39034ef90a6",
            "label": "End",
            "name": "end",
            "type": "time_picker",
            "instructions": "",
            "required": 0,
            "conditional_logic": 0,
            "wrapper": {
                "width": "",
                "class": "",
                "id": ""
            },
            "acfe_permissions": "",
            "display_format": "H:i:s",
            "return_format": "H:i:s"
        },
        {
            "key": "field_5f3862199a219",
            "label": "Music Tags",
            "name": "music_tags",
            "type": "taxonomy",
            "instructions": "",
            "required": 0,
            "conditional_logic": 0,
            "wrapper": {
                "width": "",
                "class": "",
                "id": ""
            },
            "acfe_permissions": "",
            "taxonomy": "music_tag",
            "field_type": "checkbox",
            "add_term": 1,
            "save_terms": 0,
            "load_terms": 0,
            "return_format": "id",
            "acfe_bidirectional": {
                "acfe_bidirectional_enabled": "0"
            },
            "multiple": 0,
            "allow_null": 0
        },
        {
            "key": "field_5f386bef684cd",
            "label": "Medias",
            "name": "medias",
            "type": "repeater",
            "instructions": "",
            "required": 0,
            "conditional_logic": 0,
            "wrapper": {
                "width": "",
                "class": "",
                "id": ""
            },
            "acfe_permissions": "",
            "acfe_repeater_stylised_button": 0,
            "collapsed": "field_5f386c25684ce",
            "min": 0,
            "max": 0,
            "layout": "table",
            "button_label": "Add media",
            "sub_fields": [
                {
                    "key": "field_5f386c25684ce",
                    "label": "media",
                    "name": "media",
                    "type": "file",
                    "instructions": "",
                    "required": 0,
                    "conditional_logic": 0,
                    "wrapper": {
                        "width": "",
                        "class": "",
                        "id": ""
                    },
                    "acfe_permissions": "",
                    "acfe_uploader": "wp",
                    "return_format": "array",
                    "library": "all",
                    "min_size": "",
                    "max_size": "",
                    "mime_types": "mp3, mp4"
                }
            ]
        },
        {
            "key": "field_5f39042b7c73a",
            "label": "Order (auto generated)",
            "name": "order",
            "type": "textarea",
            "instructions": "do not modify without json structure knowledge",
            "required": 0,
            "conditional_logic": 0,
            "wrapper": {
                "width": "",
                "class": "",
                "id": ""
            },
            "acfe_permissions": "",
            "default_value": "",
            "placeholder": "",
            "maxlength": "",
            "rows": 12,
            "new_lines": "",
            "acfe_textarea_code": 0
        }
    ],
    "location": [
        [
            {
                "param": "post_type",
                "operator": "==",
                "value": "radio-show"
            }
        ]
    ],
    "menu_order": 0,
    "position": "normal",
    "style": "default",
    "label_placement": "left",
    "instruction_placement": "label",
    "hide_on_screen": "",
    "active": 1,
    "description": "",
    "acfe_display_title": "",
    "acfe_autosync": [
        "php",
        "json"
    ],
    "acfe_permissions": "",
    "acfe_form": 0,
    "acfe_meta": "",
    "acfe_note": "",
    "modified": 1598612112
}