{
    "key": "group_603f4676e6e63",
    "title": "downloaden",
    "fields": [
        {
            "key": "field_603f468de16fa",
            "label": "bestand om te downloaden",
            "name": "bestand_om_te_downloaden",
            "type": "repeater",
            "instructions": "",
            "required": 0,
            "conditional_logic": 0,
            "wrapper": {
                "width": "",
                "class": "",
                "id": ""
            },
            "acfe_repeater_stylised_button": 0,
            "collapsed": "",
            "min": 0,
            "max": 0,
            "layout": "table",
            "button_label": "",
            "sub_fields": [
                {
                    "key": "field_603f47f8d5db6",
                    "label": "Tekst knop",
                    "name": "tekst_knop",
                    "type": "select",
                    "instructions": "",
                    "required": 0,
                    "conditional_logic": 0,
                    "wrapper": {
                        "width": "",
                        "class": "",
                        "id": ""
                    },
                    "choices": {
                        "Specificatiefiche": "Specificatiefiche",
                        "Gebruiksaanwijzing": "Gebruiksaanwijzing",
                        "Algemene catalogus": "Algemene catalogus"
                    },
                    "default_value": "Specificatiefiche",
                    "allow_null": 0,
                    "multiple": 0,
                    "ui": 0,
                    "return_format": "value",
                    "ajax": 0,
                    "placeholder": ""
                },
                {
                    "key": "field_603f4844d5db7",
                    "label": "pdf",
                    "name": "pdf",
                    "type": "file",
                    "instructions": "",
                    "required": 0,
                    "conditional_logic": 0,
                    "wrapper": {
                        "width": "",
                        "class": "",
                        "id": ""
                    },
                    "uploader": "wp",
                    "return_format": "url",
                    "library": "all",
                    "min_size": "",
                    "max_size": "",
                    "mime_types": ""
                }
            ]
        }
    ],
    "location": [
        [
            {
                "param": "post_taxonomy",
                "operator": "==",
                "value": "language:nl"
            }
        ],
        [
            {
                "param": "post_taxonomy",
                "operator": "==",
                "value": "product_cat:washmachine"
            }
        ]
    ],
    "menu_order": 0,
    "position": "normal",
    "style": "default",
    "label_placement": "left",
    "instruction_placement": "label",
    "hide_on_screen": "",
    "active": true,
    "description": "",
    "acfe_display_title": "",
    "acfe_autosync": [
        "php",
        "json"
    ],
    "acfe_form": 0,
    "acfe_meta": "",
    "acfe_note": "",
    "modified": 1614761417
}